id,V1,V2,V3,V4,V5,V6,V7,V8,V9,V10,V11,V12,V13,V14,V15,V16,V17,V18,V19,V20,V21,V22,V23,V24,V25,V26,V27,V28,Amount,Class
0,-0.260647805,-0.46964845,2.496266083,-0.083723913,0.129681236,0.73289825,0.519013618,-0.130006048,0.727159269,0.637734541,-0.98702001,0.2934381,-0.941386125,0.549019894,1.804878578,0.215597994,0.512306661,0.333643717,0.124270156,0.091201899,-0.11055168,0.217606144,-0.134794495,0.165959115,0.126279976,-0.434823981,-0.081230109,-0.151045486,17982.1,0
1,0.985099734,-0.356045093,0.558056351,-0.429653903,0.277140263,0.428604515,0.406466042,-0.133118274,0.347451895,0.529807984,0.140107331,1.564245768,0.574074012,0.627718737,0.706121327,0.789188365,0.403809882,0.201799372,-0.340687099,-0.233984156,-0.194935964,-0.605760906,0.079469076,-0.577394874,0.190089708,0.296502704,-0.248052059,-0.064511923,6531.37,0
2,-0.260271613,-0.949384607,1.728537776,-0.457986289,0.074061654,1.419481143,0.743511075,-0.095576013,-0.261296619,0.6907078,-0.272984925,0.659200664,0.805173189,0.616874386,3.069024774,-0.577513522,0.886525968,0.239441661,-2.366078928,0.36165231,-0.005020278,0.702906385,0.945045491,-1.154665629,-0.605563661,-0.312894548,-0.300258035,-0.244718229,2513.54,0
3,-0.152152102,-0.508958708,1.746840059,-1.090177942,0.249485773,1.143312263,0.518268573,-0.065129917,-0.205697605,0.57523071,-0.75258096,0.737482957,0.592993668,0.559534989,-0.697663715,-0.030668984,0.242629166,2.178616,-1.34506023,-0.378223348,-0.146927137,-0.038212458,-0.21404819,-1.893131105,1.003963106,-0.515950259,-0.16531649,0.048423626,5384.44,0
4,-0.206819521,-0.165280204,1.527052678,-0.448292663,0.106125114,0.530548862,0.658849134,-0.212660011,1.049920839,0.968046108,-1.203171107,1.029577424,1.439310226,0.241453999,0.153007854,0.224538129,0.366466196,0.291781553,0.445316709,0.247237013,-0.106984018,0.729727387,-0.161665704,0.31256101,-0.414116194,1.071125586,0.023711599,0.419117267,14278.97,0
5,0.025302292,-0.140513811,1.191137773,-0.707978812,0.430490321,0.458973192,0.611049587,-0.092628606,0.180811357,0.45178842,0.036071305,0.877238898,-0.289721143,0.630992452,0.56020086,0.741131551,0.421766319,0.362503889,-0.242748847,-0.076400297,-0.187739355,-0.538518113,-0.050464986,-0.631553062,-0.456479962,0.25266987,0.06668093,0.095811507,6901.49,0
6,1.016481734,-0.397180539,0.49786769,-0.144462794,0.331021824,0.629242769,0.431262449,-0.134007452,0.796159029,0.557014661,-1.735015952,0.523424766,-0.693621723,0.796567128,0.011267594,0.228270034,0.441583859,-0.03292759,-0.253447374,-0.390342618,-0.171137288,-0.287017061,-0.17819669,-1.29759715,1.182502884,-0.604227947,-0.198163307,-0.087619339,18954.45,0
7,-0.051306085,-0.007194479,1.1399409,-0.877879902,0.684667783,0.714326111,0.892615116,-0.908409142,0.901938334,1.258025378,-1.039421346,0.822748561,1.853520977,0.17663708,0.769513902,0.42040335,0.112419206,0.101155507,0.058924621,-0.324757932,0.620676249,-0.920425716,0.034660376,-1.091526763,-0.742074798,-0.104862684,-1.382521765,-2.748267826,12298.23,0
8,-0.13068043,-0.349546897,0.42578634,-0.760444058,1.702777431,2.324816017,0.56896842,0.049099675,0.273117718,0.437517912,-1.107171842,0.548485169,-0.216077532,0.742616389,-0.394408337,0.345912885,0.291579808,0.397062605,0.259345104,-0.109163816,-0.132787374,-0.284700419,-0.227778825,2.248754184,0.534846027,-0.92973825,-0.224384854,0.243789808,22052.9,0
9,0.058419399,-0.093506892,1.117270141,-0.735171762,0.46611117,0.332371394,0.683424727,-0.136674273,0.096409445,0.45346863,-0.096411674,1.316902402,1.097693277,0.491384468,0.124451432,1.018495752,0.280403731,0.668090731,0.163293593,0.043428301,-0.203634353,-0.601580958,-0.145082252,-0.654782673,-0.196620797,0.226818254,0.057119077,0.100629267,210.35,0
10,1.206014216,-0.883519267,1.021299305,-1.410046825,-0.341590727,0.101490928,0.036318183,-0.141480335,-0.348832472,1.499437497,-0.020663274,0.270369735,-0.449711041,0.652047585,0.21755349,0.485169456,0.528776754,0.996338124,-0.407218557,-0.566847649,-0.106932275,0.252150942,0.004349589,1.065933257,0.3300998,-0.289690733,-0.188490496,-0.060815003,4741.71,0
11,0.409313504,-0.24506303,0.152566474,-0.671316186,1.87409079,2.139538755,0.608736251,-0.026861674,0.185819355,0.738974027,-0.774818309,0.430676316,-0.015288919,0.919363762,1.080267683,0.390025732,0.210613829,0.575222209,0.369329031,-0.034850042,-0.083221922,0.180020852,-0.014540229,2.212669963,-1.28026144,-1.216545822,-0.188928824,-0.231607762,14574.34,0
12,1.033525323,-0.901634474,0.676979519,-1.319313114,-0.2159996,0.02472547,0.222964783,-0.203209681,-0.501905349,1.304234288,-0.475219251,0.47432661,1.297899348,0.546119116,0.819410773,0.064728758,0.779630298,-0.14742382,-0.82558498,-0.2687627,-0.197417102,-0.472722068,0.062429736,0.832732304,0.18010165,-0.853823466,-0.207514113,0.002435652,21696.89,0
13,0.886031292,-0.349039462,0.960931008,0.333001166,0.186378913,0.664915858,0.400542231,-0.126042237,0.366588618,0.81328271,-1.162663778,0.847887754,0.065365556,0.610802131,-0.721222656,0.351359621,0.482627557,-0.208334487,-1.106389229,-0.321072643,-0.118027104,0.025737568,-0.095726959,0.240107015,0.833119762,0.248659867,-0.213189512,-0.048630409,12157.97,0
14,-0.5715441,-0.559877363,1.609161136,0.045297299,0.201711532,0.916651073,0.298916287,-0.549311394,1.003897203,1.198009314,-0.171748076,1.272551555,0.453695707,0.375795192,0.425642269,0.297392648,0.391061613,0.926942977,1.516314985,-1.881388449,0.336079212,0.164590739,1.06887787,0.091185173,-0.45640495,-0.549904015,-0.41974243,-0.173067278,508.29,0
15,-0.086617762,-0.330395032,1.99968758,-1.471096102,-0.125745307,0.431216029,0.245434696,-0.151661493,0.249682672,0.965107954,-1.179332592,0.229300933,1.138837405,0.258969794,1.314543405,1.964326851,0.353964227,0.067324577,0.147604021,0.103227982,0.092246648,1.303174162,-0.279238128,-0.085705134,-0.147291495,-0.188378808,-0.437041513,0.212409822,23472.79,0
16,0.913001365,-0.458442037,1.290940391,-0.114322881,-0.000387035,0.637718407,0.251780189,-0.109118569,1.023578627,0.490541025,-0.910983049,1.422503337,0.796157378,0.480842778,0.363133892,0.326548551,0.43762815,-0.024795429,-0.726528311,-0.280308495,-0.113088249,0.139784657,-0.009802868,0.238163513,0.519795508,-0.92478178,-0.129882813,-0.010544765,6685.98,0
17,0.021273385,-0.15291905,1.029029283,-1.0103027,0.667717841,0.402170396,0.707260387,-0.132463884,0.131919279,0.324208149,-0.42331366,0.811655212,0.333984464,0.557729101,-0.243881185,1.400495817,0.181350601,0.840119301,-0.192337976,-0.211261164,-0.182220322,-0.634567614,-0.180928177,-1.464908223,-0.628655596,-0.098764147,-0.145382347,0.216341054,15493.04,0
18,-0.969198295,-2.827526454,1.226430511,0.035208368,1.959439485,-0.62695015,0.004370349,-0.115715884,1.372241713,0.756129259,-0.13968832,1.458654193,-0.195908117,0.476479735,-0.594371143,0.795539551,0.231984747,0.366888056,-0.572950411,-2.586351258,-0.310582259,0.919195843,2.745323618,0.11780446,-0.84473692,-1.570235691,0.244188431,2.17839141,15927.38,0
19,1.245429798,-0.825264166,0.718642782,-1.450895783,-0.234676441,0.044769828,0.119990452,-0.16445264,-0.455401841,1.507006158,-0.071100875,0.287253221,-0.350115477,0.730100262,-0.091672138,0.369550252,0.547527981,0.732278274,-0.167732489,-0.567572589,-0.175199376,-0.201882846,0.016822345,0.627901145,0.466895708,-0.512113132,-0.212259814,-0.081732296,2943.42,0
20,0.608594924,-0.958162625,1.105914644,-0.278201266,-0.135043114,1.174673542,0.172057506,-0.049052148,0.244392028,0.868997842,-0.095758104,1.839488922,0.504477846,0.521790252,-0.868016961,-0.352991254,0.629114817,0.792814393,-1.410530506,-0.305632753,-0.223727231,-0.548897751,-0.075119252,-0.515753853,0.033400771,-1.029816019,-0.137284886,0.053353478,940.72,0
21,0.802894524,-0.335872966,0.401030993,0.153037626,0.778777581,1.368012038,0.470729727,-0.030872678,-0.118307357,0.952325897,0.168817994,0.915853008,-0.884671325,1.388161268,0.800746734,0.155443466,0.584733942,-0.518946959,-2.129012273,-0.442417297,-0.045881173,0.337670455,-0.072733763,-2.174566895,0.564637557,0.456333968,-0.219078441,-0.135445674,20114.14,0
22,0.964356085,-0.280624042,0.445898652,0.199635131,0.434008019,0.526906556,0.519593648,-0.120961878,-0.025030845,1.063112616,-0.216833992,0.331911545,-2.095462754,1.512120844,-0.041057041,0.758509793,0.30402781,0.253377682,-0.949756325,-0.48222971,-0.095700941,-0.099752877,-0.128189185,-0.629825298,0.927646421,0.258482261,-0.283666697,-0.127734496,23752.06,0
23,0.330151791,-0.352302489,1.225774922,-0.670625621,-0.169449178,0.389188407,0.154344493,-0.492254975,1.628422502,0.294222134,-1.011275471,1.017737836,-0.387499352,0.746594412,1.925821488,-0.150792165,0.740099008,0.635738391,1.484245522,-0.402218622,0.516469037,0.14399708,-0.20913951,0.897616929,1.305701237,-0.530140306,0.172070681,0.504163424,9493.6,0
24,-0.400808102,-0.460026153,0.30921904,-1.180646205,1.885939926,1.97166861,0.411704887,0.05019639,0.525159202,0.871730271,-0.657310431,0.488909343,0.121719741,0.720082707,1.42650683,0.881622336,0.170008154,0.345867082,0.193248494,-0.387292187,-0.342651427,-0.741124996,0.901719026,2.180526728,0.447155184,0.348212864,0.677287356,-0.064812735,12142.95,0
25,-0.428662013,-0.486576885,1.335369662,-0.445397447,0.374992177,-0.104684648,0.63861974,-0.175984143,0.80356235,0.664017711,-1.231270573,0.508367658,-0.594976581,0.563240756,-0.272542339,0.282101046,0.444203,0.030756159,0.207159401,-0.566282629,-0.268654159,-0.248598289,0.760981263,0.844933134,0.326500411,0.613008566,0.202285684,0.486726865,6152.06,0
26,0.96981977,-0.327821707,0.620580817,-0.16884718,0.188500068,-0.07723298,0.568530946,-0.225048737,0.352322941,0.578895779,-0.697334906,1.468731798,1.58661533,0.758006792,0.864835318,0.456716451,0.288345833,0.119669709,-0.55858653,-0.134504823,-0.076414035,0.169936398,-0.174607936,0.923435586,1.138395688,-0.807537984,-0.219081042,-0.027484981,12276.67,0
27,1.095336592,-0.505013419,0.706600603,-0.377970537,-0.031331008,-0.023857973,0.346770808,-0.201777645,-0.063383091,1.032537104,-1.056683134,0.547978759,0.444595523,0.799295584,0.891190015,-0.136809534,0.372485174,1.404626588,-1.352772276,-0.711488579,-0.219092254,-0.333443419,-0.061866558,0.735650688,0.852656489,-0.662075128,-0.189088126,-0.03043106,13658.07,0
28,0.029627098,-0.156969238,1.686544537,-0.051447908,0.256392797,0.359752273,0.72126751,-0.159080036,0.168198531,0.461109993,-0.614175435,1.266343703,0.722861137,0.656476758,0.041167322,-0.153846554,0.736858017,-0.191307985,0.238081994,-0.063884634,-0.07234093,0.391042024,-0.062661956,1.382419098,-0.379040952,-0.655254025,-0.021581571,0.268531677,23323.5,0
29,0.878131683,-0.505463944,1.289971537,-0.150264339,-0.015832845,0.795321326,0.201787964,-0.059547393,0.962690007,0.57117738,-0.083407284,1.497604182,-0.478538792,0.680452704,-0.279922543,0.468260199,0.379545568,0.344741726,-0.457312136,-0.346909324,-0.097713808,0.156576389,-0.009133156,0.042587121,0.402533641,-0.958306689,-0.143296955,-0.041554728,11920.94,0
30,1.022980408,-0.423938077,0.67501341,-0.305697786,0.122292765,0.184073356,0.435254674,-0.182498075,0.77815462,0.513927724,-1.292665267,1.019672018,0.431587804,0.623416664,-0.27960966,0.355875252,0.403254091,-0.043886645,0.078638823,-0.231167743,-0.203127144,-0.513715547,-0.068465768,0.189860786,0.766053681,0.642996819,-0.263604911,-0.071494476,20901.22,0
31,0.921667748,-0.415696525,0.74210988,-0.09823488,0.142936642,0.469865098,0.393308047,-0.109295241,0.623019773,0.63396439,-0.047779551,1.110653115,-1.459803625,1.027570342,-0.73972785,0.188382522,0.49461441,0.078865282,-0.340622145,-0.447156309,-0.124625726,-0.047436061,-0.055579733,0.426812205,0.861883282,-0.809177724,-0.204464661,-0.089348732,8010.4,0
32,-0.012136524,-0.166435813,1.356103611,-0.559351965,0.42744669,0.532976993,0.708787159,-0.112199084,0.330178931,0.41085352,-0.159349888,1.332665083,-0.509111722,0.757752676,-1.517353531,0.306951089,0.344833513,0.075869992,-0.956099196,-0.464520086,-0.084408932,0.151241732,-0.209333065,0.038925409,0.077374209,-1.381404227,-0.320189388,-0.043762458,13578.11,0
33,-0.012136524,-0.166435813,1.356103611,-0.559351965,0.42744669,0.532976993,0.708787159,-0.112199084,0.330178931,0.41085352,-0.159349888,1.332665083,-0.509111722,0.757752676,-1.517353531,0.306951089,0.344833513,0.075869992,-0.956099196,-0.464520086,-0.084408932,0.151241732,-0.209333065,0.038925409,0.077374209,-1.381404227,-0.320189388,-0.043762458,14494.3,0
34,-0.014058241,-0.169029299,1.359263824,-0.558402429,0.436206161,0.525498828,0.701019674,-0.111348933,0.330769836,0.411639282,-0.159654994,1.334544862,-0.509190457,0.758485439,-1.517545918,0.306161439,0.345092141,0.076058288,-0.956445135,-0.457069365,-0.083380719,0.149756069,-0.210874438,0.038396156,0.076225989,-1.382957728,-0.325739917,-0.038637039,10768.39,0
35,-0.014058241,-0.169029299,1.359263824,-0.558402429,0.436206161,0.525498828,0.701019674,-0.111348933,0.330769836,0.411639282,-0.159654994,1.334544862,-0.509190457,0.758485439,-1.517545918,0.306161439,0.345092141,0.076058288,-0.956445135,-0.457069365,-0.083380719,0.149756069,-0.210874438,0.038396156,0.076225989,-1.382957728,-0.325739917,-0.038637039,6884.95,0
36,0.094935393,-0.289710347,1.65771409,-0.507877628,0.249269647,0.112751225,0.744592694,-0.207554529,0.580439163,0.440947217,-1.194234341,0.506691829,-0.569133692,0.560311754,-0.402903157,0.235658174,0.430649977,0.022296349,0.084206909,-0.116308167,-0.182140042,-0.343786527,-0.102513555,0.832631856,-0.134420903,0.452227322,-0.431026895,-0.593572306,23254.5,0
37,-0.284236256,0.090575291,0.815783986,-0.153535665,0.093066788,0.614927812,0.349052346,0.108924722,0.16101967,0.6185949,-0.19908324,1.599679152,-0.19747187,1.212791298,-0.592143475,0.06750487,0.709093834,0.241285923,0.58325666,-0.154086753,-0.070335786,0.263573646,-0.09342064,0.07705122,-0.156240229,-0.569615783,-0.062379532,0.191090747,1319.01,0
38,0.828906718,-0.486963426,0.774816795,-0.326807016,0.307282577,1.097382164,0.337606743,-0.058035994,0.709768887,0.438346651,-0.245585237,1.785018231,0.475490102,0.681713561,0.907961753,-0.239463384,0.987897398,-0.892894075,-1.569101764,-0.373443174,-0.133951676,0.057855313,0.142256381,-0.971890037,0.095419207,0.816596928,-0.179530748,-0.087769777,21452.7,0
39,0.919152691,-0.387996039,0.756449168,-0.10179343,0.181593487,0.487171836,0.422190844,-0.125666111,0.505483147,0.61760012,0.037574123,1.824766509,-0.181259339,0.862289957,-0.870317292,0.162218357,0.470019849,-0.001561072,-0.348547763,-0.359519274,-0.118362877,0.045563672,-0.072421429,0.496252974,0.932821346,-0.820474273,-0.195543633,-0.08202802,6216.65,0
40,1.032731922,-0.669436736,0.203921965,-1.167525257,0.942577678,2.31169539,0.11758469,0.07777679,1.074196003,0.475724789,-0.915364857,0.775681683,0.059407307,0.590598958,0.372484811,0.676626755,0.28817582,0.397223057,0.262883074,-0.063332118,-0.10572362,-0.034598863,-0.153713786,2.497014111,0.751080763,2.317872564,-0.292292105,-0.087798645,10890.5,0
41,-0.414503985,0.2092335,0.546672977,-0.159677632,-0.024762207,0.579037733,0.243042241,0.219901859,0.171538479,0.655176441,-0.256913514,1.798772382,-0.13441534,1.413552737,-0.61699285,0.109516736,0.777740874,0.255380335,0.556022903,-0.133624755,-0.065315234,0.234013147,-0.012561698,0.066097178,-0.028330424,-0.55136209,-0.087561828,0.184887895,5521.22,0
42,-0.039055478,-0.119493731,1.698424592,-0.13413493,0.429414351,0.543654191,0.769648598,-0.191906313,0.354074537,0.663566571,-0.864809876,0.908796307,0.566795557,0.524942038,0.222923167,-0.134043541,0.624725792,-0.124143447,0.410675289,0.094112642,-0.138418188,0.198967101,-0.287274007,0.26686929,0.200584397,-0.503810427,-0.128102057,-0.180055771,19443.16,0
43,-0.143111547,-0.387434407,2.728966855,-1.220654846,0.141048025,0.48264536,0.337109571,-0.059137981,0.470633524,0.287093939,0.117375607,1.440678693,0.499353116,0.584466797,0.480628383,1.112629771,0.207427071,0.558834361,-1.327349429,-0.168552819,0.054454519,1.001918504,-0.182383867,0.627258307,-0.498396907,1.545984724,-0.184057458,0.12687641,21846.55,0
44,-0.089753109,-0.401582852,2.621198203,-1.748289873,-0.048407886,0.319371765,0.299817715,-0.119084589,0.031731488,0.582020937,-1.091994525,0.344959846,1.474506306,0.268157005,0.72773174,2.251395529,0.302938382,-0.006361932,-0.472695444,0.198640773,0.066829408,1.205216455,-0.423277054,0.220809187,0.71792701,-0.196917367,0.14967038,0.227378952,8569.61,0
45,0.941299512,-0.42531629,0.840151126,-0.263633961,0.085561832,0.234816117,0.428281392,-0.168785687,0.68908325,0.489786791,-0.608336636,1.631792228,0.832395051,0.606053307,-0.127253543,0.109024702,0.576574827,-0.375951854,-0.45363519,-0.243548559,-0.169709536,-0.266364713,0.036601023,0.96942831,0.514233577,0.613029095,-0.2406709,-0.058746489,3646.68,0
46,0.076690475,-0.298464646,1.276810046,-1.651221408,0.287452963,0.405631753,0.583725891,-0.13078218,1.048549516,0.096076236,-1.222597722,0.652820569,0.016478914,0.787401922,2.534289098,0.228408772,0.342591764,0.359874195,0.294065782,-0.197382901,-0.129341663,-0.152762865,-0.180599026,-1.328990722,-0.084970557,-2.181662208,-0.084305099,0.05189852,23818.48,0
47,0.305085457,-0.282081874,1.37818357,-0.379814624,0.032759376,0.156327043,0.40730686,-0.350173508,0.664828616,0.412418679,-0.957381532,1.162073863,0.168371288,0.621035146,-0.655887362,0.212077486,0.518586007,-0.061256582,-0.234471014,-0.393135192,0.17545162,-0.199018285,-0.190193579,1.689781882,1.301965928,0.953904116,-0.070143301,0.428954201,22160.2,0
48,1.150615395,-0.733855686,0.926123422,-1.091021643,-0.098710356,0.672449245,0.092341109,-0.140517146,0.320482763,0.873183688,-1.94487591,0.643568561,2.144317752,0.374166104,1.788346789,0.313308845,0.180549805,2.131880322,-0.804081418,-0.446316362,-0.196149379,-0.155536572,-0.155267937,-1.527784959,0.213628203,2.315164992,-0.237215469,-0.051973006,20406.95,0
49,-0.180214611,-0.00712964,1.149290064,-0.13087696,0.254389036,0.502208813,0.62640926,-0.097072459,0.404253261,0.725045017,-0.972062766,1.07646816,0.640960621,0.641320365,0.142399867,-0.095426742,0.679013124,-0.113499193,0.357492917,0.074796024,-0.126239023,0.252399238,-0.154111554,0.258953245,-0.129013951,-0.611020529,-0.098993406,-0.121779989,16577.16,0
50,0.991295141,-0.400855255,0.985472766,-0.215910516,-0.015144524,-0.057482909,0.419189643,-0.198931907,0.746544937,0.498121481,-0.666292286,1.858986914,1.183266421,0.505920753,-0.64522682,0.164775194,0.513878729,-0.168521857,-0.231931018,-0.237631843,-0.120281679,0.142123343,-0.057131657,2.252878113,0.851725774,0.872866391,-0.24450505,-0.056746672,16184.13,0
51,-0.163454619,-0.808236141,0.459028388,0.608147938,-1.277335592,2.948937957,2.808955361,-0.56881436,0.334569594,0.504792926,-0.521316143,0.576710105,-0.743603412,0.535281499,-0.983814122,0.826099929,0.471725071,0.968453393,0.746615852,-0.165030224,0.424109957,-0.384523723,1.012096163,0.074139888,0.872055541,0.734322092,0.895644601,-0.282951324,4907.58,0
52,-0.209898451,-0.082173928,1.405646119,-0.26844173,0.213894216,0.545267465,0.52836208,-0.176907933,0.388617686,0.917244465,-0.355198889,0.555963141,-0.277484625,0.82238382,3.068075949,-0.07229188,0.773512627,-0.28476475,0.488891033,-0.287197841,-0.093380948,-0.152495827,0.194905231,0.206255162,-1.548765571,0.513045524,-1.045149005,0.466804899,23353.66,0
53,0.906845112,-0.484693637,1.398199361,-0.04336943,-0.094359654,0.517495,0.213538448,-0.086267651,1.185574249,0.536899323,-0.954187352,0.59843978,-1.282558409,0.668747659,0.545672108,0.346329636,0.512150473,0.039819514,-0.874852049,-0.448419479,-0.116559904,0.043288594,0.067378445,0.765518919,0.329424333,-0.914388757,-0.143812587,-0.017368526,5152.42,0
54,1.072187625,-0.33168148,0.515360048,-0.381671477,0.211411213,0.016575889,0.458459292,-0.190143062,0.538605802,0.485566551,-0.985443245,0.647882583,0.386153963,0.546513793,1.351773168,0.929239263,0.3776644,0.239015443,-0.210277508,-0.230788454,-0.235337819,-0.849769663,0.041097236,-0.320497761,0.390687425,0.300843511,-0.264764493,-0.039187452,5862.33,0
55,0.281973127,-0.166797799,1.058782209,0.056441381,0.309113411,0.538976903,0.644828671,-0.159040271,0.271588028,0.612323225,-0.948645472,1.115543961,0.843000104,0.676405146,0.35556585,-0.183107682,0.728991398,-0.069002226,0.83309251,-0.071459014,-0.056847897,0.62263508,0.099841251,0.262631169,-1.79491935,-0.72108016,0.16034568,0.516549332,8094.84,0
56,-0.020577047,-0.372515405,0.97187603,-1.025300699,0.26715399,0.14476134,0.878490512,-0.198006512,0.659838305,0.134777004,-0.665983841,1.440878853,0.92616191,0.78317561,1.380784874,-0.320372918,0.722217678,0.017565866,1.032887551,0.222284997,-0.019063682,0.633290177,-0.029558276,0.324700214,0.32055627,-1.078093276,-0.064859316,0.236707581,6685.2,0
57,-0.253128167,-0.355593107,0.402288609,-0.995308639,2.121933167,2.093083763,0.412930648,0.060015484,0.484151108,0.530292093,-1.155631835,0.606086663,-0.288219002,0.679779173,-0.798230132,0.484279827,0.218629377,0.306684589,-0.346859149,-0.280272261,-0.164328097,-0.323212583,-0.394375693,2.256754443,0.502397699,-1.265481669,-0.050434988,0.451759614,15846.22,0
58,0.919001355,-0.416906392,0.689841525,-0.113752374,0.189508811,0.544660083,0.405788653,-0.112590442,0.588777366,0.626494848,-0.093462991,1.272746948,-0.965795169,0.959652455,-0.770766072,0.207152102,0.460183165,0.087140986,-0.278136082,-0.390565942,-0.125752517,-0.053718048,-0.094799979,0.045247554,0.928902437,-0.782679923,-0.203503279,-0.088159753,22431.5,0
59,0.954305566,-0.356269053,0.677523198,-0.378380638,0.1722482,0.24605226,0.405575237,-0.138214213,0.344593993,0.531909594,0.297659845,1.639342145,0.269758896,0.664423958,0.685901841,0.679081308,0.470972239,0.116080569,-0.517058106,-0.265477288,-0.181571824,-0.53668584,0.149768841,0.404145011,0.061674599,0.225551933,-0.248790282,-0.05256029,4087.1,0
60,0.820959121,-0.515230928,0.277663824,-0.446358483,0.379527515,0.34196114,0.655561639,-0.198966327,0.351849169,0.519838579,-1.046338562,0.935627056,0.900173901,0.925141033,1.2074908,0.448378512,0.345698877,-0.261135917,-0.204936223,0.10328208,-0.227987418,-1.084437061,-0.101934479,-1.236954409,0.389525536,0.457150008,-0.32230945,-0.034180158,10243.65,0
61,0.941659398,-0.890154663,1.405924066,-0.790910003,-0.365897719,0.335082488,0.064207641,-0.12867396,0.577759643,0.830425482,-1.263773603,0.507154384,0.225576797,0.432880388,0.91037438,0.034103005,0.415037902,1.692025911,-1.107024214,-0.473950241,-0.166432456,-0.071093738,-0.043729668,0.920644575,-0.131776954,2.22503856,-0.247630272,0.000361923,3461.58,0
62,0.947152205,-0.257806498,0.572351116,0.299791228,0.218240839,-0.158537323,0.633538644,-0.206376189,0.018963999,0.970731783,-0.909969618,0.274871516,-1.269070606,1.228704638,0.322426094,0.662236729,0.351438081,0.050407165,-1.133451397,-0.36048962,-0.098743596,-0.152089541,-0.100840481,1.493424254,0.980799144,0.125440801,-0.297847053,-0.060819266,5283.12,0
63,0.093590071,-0.31319308,0.508780027,-1.209916405,1.533556965,2.331524287,0.548167963,0.005455077,0.503954758,0.489958781,-0.944296741,0.519065316,-0.20374199,0.564890075,-0.231041855,0.395940301,0.277975508,0.2230992,0.420224042,-0.053379863,-0.208064152,-0.587128713,-0.180741038,2.296282143,0.113228686,0.687635652,-0.549043047,-0.642988691,13296.95,0
64,-0.009585935,-0.125836014,0.616502592,-0.050836797,0.008649285,0.674608911,1.107005349,-0.240739708,0.226753239,0.841929327,-0.585998418,1.075887122,1.520868623,0.712752638,2.060616529,0.006800449,0.526201512,0.074080489,0.534904174,-0.176337546,-0.034679418,0.94700157,0.047081779,0.345665131,-1.789760862,-0.718529734,0.148320129,0.663980833,19352.38,0
65,-0.132403313,-0.398758811,1.831836773,-0.728478761,0.737656128,1.470803362,0.519697345,-0.000518408,0.46294093,0.403959501,0.001568644,0.477581456,-2.524425136,0.933790033,0.350349596,-0.141835839,0.817281956,-0.469338734,-0.792371175,-0.2884059,-0.136056553,-0.058599821,-0.171847283,-2.192567848,-0.123417544,0.894529575,-0.357031054,-0.561669721,5334.31,0
66,-0.0745026,-0.276589204,1.773529492,-0.361974278,0.633982563,0.411441778,1.079636792,-0.325419408,0.648321662,0.717387198,-1.449006375,0.413656977,-0.090364508,0.357645725,-0.43374331,0.133109354,0.290343889,0.156420022,0.149820675,-0.053738973,-0.192593545,-0.059442098,-0.449523552,-0.206330753,0.474016865,-1.076991876,-0.922837026,-1.249658044,11204.71,0
67,-0.147020883,-0.361823508,2.971481475,0.362088115,0.311792392,0.460337962,0.480064363,-0.220749173,0.421049764,1.128695266,-0.972593731,0.5031553,0.159503881,0.302323474,0.046101365,0.389858834,0.385391587,0.258735799,-0.025815877,-0.220694696,-0.136926119,0.350874446,0.189237423,1.550137672,-1.029926944,-0.134407023,-0.576351169,-0.760841265,9567.3,0
68,0.77601956,-0.558401518,0.679093875,-0.390576278,0.354203399,1.345412803,0.297538214,-0.008312935,0.6363187,0.506874883,0.260011159,1.947928492,-0.414081476,0.887621384,0.19808789,-0.129190763,0.837295555,-0.657760471,-1.173006193,-0.354587489,-0.119493365,0.030339066,0.074691721,-1.622700631,0.05485747,0.823924411,-0.196323455,-0.114532938,3837.2,0
69,-0.395634584,-0.76325657,2.266155459,0.11560015,0.428740075,0.252963938,0.609414046,-0.274598559,0.140041829,1.359270687,-0.961307383,0.146059344,-0.333324217,0.340671647,0.34343059,0.483902218,0.572731793,-0.241246292,1.273423813,-0.547776656,-0.388138418,-0.724404239,1.142256677,1.106269148,-0.6618942,5.04714761,-0.843534044,-1.061728455,7004.62,0
70,0.836815739,-0.469068647,0.656173815,-0.100322582,0.180989855,0.564010185,0.435969058,-0.119014477,0.558463684,0.611958732,-0.073853771,1.426759673,-0.67139069,0.930819162,-0.792474619,0.204849846,0.45513787,0.075302996,-0.294231183,-0.256986713,-0.111328682,-0.060391569,-0.1452537,0.089386633,0.911551026,-0.801368861,-0.213331174,-0.063650642,17744.02,0
71,0.043137634,-0.209141244,0.422784257,-0.541403037,1.653077301,2.359045717,0.453511104,0.080125873,0.262135657,0.60119761,-1.043482282,0.545323599,-0.143136213,0.780647879,0.135953851,0.15559498,0.394614475,0.470638047,0.948125593,0.155153844,-0.14663525,-0.185796936,-0.218332682,2.254352864,0.154266535,-0.555055245,0.269617497,0.38933408,9417.64,0
72,0.990040339,-0.365606944,0.751821151,-0.345803129,0.120331551,0.029780167,0.460699232,-0.181757975,0.463651726,0.552623828,-0.432302046,1.15225648,0.522226493,0.858865094,1.341798478,0.352976453,0.443195434,-0.271129578,-0.740509109,-0.287634401,-0.163852082,-0.37800798,0.124988139,0.880214269,0.264739349,0.417353665,-0.256472086,-0.061441312,14727.17,0
73,-0.029754333,-0.286740871,1.344476238,-0.750951881,0.242470976,0.168818843,0.62198913,-0.12563085,0.5667568,0.433869543,-0.358520882,0.60468495,-1.969181712,0.892461635,-1.434109328,0.544755391,0.317998369,0.382482383,-0.231826202,-0.47336411,-0.120150314,-0.178220019,-0.022319974,0.642404392,-1.149270653,-0.021023919,-0.245008473,0.296396109,10770.16,0
74,-0.366281865,0.115363536,1.069046921,-0.176429104,0.176233025,0.360213876,0.668737256,-0.137896967,0.955971728,1.450136227,-0.709496778,0.930481138,0.0929388,0.507428324,0.265441031,-0.159613692,0.694783114,-0.176749709,0.171496564,0.500771538,-0.176456694,0.176898541,-0.11578635,0.885955728,0.116714686,-0.54348408,0.828535923,1.387617541,12164.52,0
75,0.909311632,-0.376884136,0.76156972,-0.102471451,0.203968451,0.498808963,0.442804347,-0.135920268,0.436909116,0.606657906,0.087830907,2.353097492,0.592003929,0.771703361,-0.948279183,0.146852925,0.455401306,-0.048038828,-0.35489919,-0.294953035,-0.113233,0.100417068,-0.087440455,0.539585881,0.972885342,-0.828862893,-0.191254005,-0.075296654,17653.5,0
76,-0.019032924,-0.306914061,1.688717475,-0.533763248,0.183247619,0.61883205,0.621033105,-0.094741534,0.362727024,0.378830917,-0.060865449,1.303869671,-0.506813653,0.706344163,-1.087014926,0.154924087,0.518620346,0.104535789,-0.048806878,-0.145645056,-0.057326213,0.353244506,-0.089433535,0.563890577,-0.077539434,0.861152259,-0.206629634,0.005054162,22946.96,0
77,0.771866842,-0.467677988,0.513382444,-0.233816812,0.280092857,0.485258763,0.549707482,-0.143737665,0.273403484,0.611842316,0.055847663,1.58026422,0.18502574,1.133836771,0.468417245,0.543081422,0.293595109,0.006363916,-0.281621886,-0.040856875,-0.239621786,-1.151719639,0.062064446,-0.629795732,0.170125019,-2.179574518,-0.236784346,-0.014178575,7654.09,0
78,-0.026620034,-0.107611912,1.301257578,-0.391255524,0.500956526,0.324915678,0.864903661,-0.24320165,0.390231313,1.110238856,-0.077468086,0.723924858,-0.219773351,0.704773896,0.490460247,0.340067925,0.219188159,0.819708442,0.448551777,0.194021303,-0.101769814,0.493046004,-0.222899989,0.039605488,-0.372114713,-0.90352915,-0.154856461,-0.525345708,5955.97,0
79,-0.060416904,-0.251763767,0.584151903,-1.092571483,1.90297774,2.284141376,0.646567411,0.005631878,0.384774383,0.439719167,-1.10284289,0.506347094,-0.360231179,0.608625712,-0.810374928,0.442904329,0.196585733,0.311840076,-0.353534229,-0.165853904,-0.158374887,-0.313202363,-0.352566886,2.211876323,0.754650193,-1.286393349,-0.465909422,-0.38111735,11133.27,0
80,1.041838307,-0.359923705,0.75500161,-0.360205321,0.083081172,-0.125419037,0.456085596,-0.199197967,0.516363268,0.56998842,-0.737502025,0.912370628,0.459989854,0.83277634,1.206064736,0.665221921,0.311932982,-0.001479341,-0.318044293,-0.254510201,-0.207597299,-0.69076037,0.11489717,0.809591025,0.276630586,0.227021376,-0.270357094,-0.053696771,6386.16,0
81,0.948651981,-0.424615122,0.609499166,-0.141512264,0.236475232,0.644878145,0.388679368,-0.100183266,0.653169229,0.634688774,-0.263246902,0.921362376,-1.434176032,1.014897232,-0.693281078,0.264014843,0.430261417,0.182807945,-0.167058633,-0.428354944,-0.138614442,-0.144007563,-0.122112621,-0.548970387,0.979580232,-0.726078844,-0.206384946,-0.10152085,21547.98,0
82,-0.610308083,0.316313235,1.470843149,-2.141258452,0.379816781,-0.019784257,1.373467391,-0.534046786,4.014413366,5.342059823,0.469294892,0.65971502,-0.285089318,-0.214627495,0.289290731,0.297028025,-0.040743871,0.058987578,-1.060134806,2.160723498,-0.459327513,-0.207429937,-0.187757507,1.099569096,0.1391069,0.98845186,-0.51084334,-2.798421082,23637.63,0
83,-0.217974789,-1.003932373,1.790982379,-3.868896376,0.389071898,0.374935658,0.818421518,-0.372750031,1.761658519,0.565324081,0.15863295,0.983118643,-0.881167943,0.241743157,0.114207131,-0.558208624,0.290222406,1.030550507,-1.616660743,-0.978102531,-0.28938658,0.27207058,-0.384448694,-0.526124105,-0.566339259,-3.430118178,-1.313846582,-1.887605561,6748.27,0
84,0.993812974,-0.338048707,0.61910127,-0.351266077,0.197258085,0.125697734,0.449774157,-0.17346794,0.469173228,0.462202837,-0.47114192,1.05819222,0.763728858,0.531175425,1.56756911,0.571142283,0.526221154,-0.12701809,-0.713752707,-0.235703612,-0.205364371,-0.640930263,0.127719924,0.127366697,0.173345953,0.287840311,-0.243074261,-0.028990971,19010.77,0
85,-0.858233939,-2.328767598,3.513551624,-0.252161356,1.927177994,0.18589933,-0.240136833,0.004038462,1.955437521,0.365731875,-0.391563548,1.713899731,-0.971656912,0.200630269,-2.217934337,0.344116784,0.408389284,0.074876766,-1.740148756,-1.187256997,-0.122257003,0.78546918,-0.956653995,-0.177777001,0.594269696,-0.724160976,0.453320021,-1.208399858,12609.99,0
86,-0.093305507,-0.172688959,0.953721636,-0.742244957,0.611414772,-0.41285344,0.747016685,-0.154283067,0.084423761,0.226783791,0.099188211,0.448453515,-1.586894564,0.402189269,-0.357451475,1.075168771,0.607931757,0.978212673,-0.796561945,-0.266799881,-0.089036703,-0.149549733,-0.202785776,0.848402077,-0.126456053,0.381733541,-0.20596057,0.221059151,1122.92,0
87,-0.116567967,-0.115913123,1.29097005,-0.168148793,0.261843643,0.664570684,0.580082606,-0.079266877,0.47765728,0.85105632,-0.186643145,0.571959573,-1.953837438,0.978113119,-0.326483091,0.004084113,0.606795633,0.319072467,0.59994765,-0.032191746,-0.112860514,0.157783223,-0.156219498,0.022847667,-0.303724924,-0.568412723,0.232232165,0.566590852,23557.97,0
88,0.24525798,-0.462467625,0.275852024,-2.710143677,1.629560595,1.897509065,0.608667306,-0.091457154,1.126666642,0.324998916,-0.485657369,0.626981703,-0.036569172,0.679006052,2.0645668,0.252783456,0.19424549,0.443304458,0.799498475,0.006755435,-0.200550946,-0.43296816,-0.005110806,2.252265231,-0.497698983,-0.695149094,-0.656521278,-1.158912457,14643.66,0
89,-0.09325567,-2.193612187,0.135176645,-0.613491479,-0.27215138,0.731707935,0.720023465,-0.222206335,0.044714871,0.605698227,-1.037932941,0.498930364,1.689813925,0.572389434,1.467283799,1.589145798,0.481424129,-0.324884128,-0.218515427,2.148223111,0.239822271,-0.018999963,-1.105874524,-1.099932127,0.076668871,-0.484251098,-0.427147624,0.402024506,4475.43,0
90,0.771476089,-0.50093193,0.433983342,-0.419040801,0.245162291,0.242452682,0.613647488,-0.178854335,0.176127114,0.590438254,0.222152012,2.031839682,0.767183233,1.08014605,0.239468062,0.415647489,0.359729865,-0.169359254,-0.223078495,0.054261294,-0.188202115,-0.850039394,0.005131952,0.099590985,0.170172844,0.312561548,-0.320461945,-0.046078037,7158.11,0
91,0.885847307,-0.429765232,0.634945367,-0.104792827,0.087583966,-0.040656482,0.507204591,-0.19522386,0.529102828,0.616169983,-0.953484867,0.549533587,-0.407915096,0.979516286,1.180648622,0.585073579,0.308050594,0.324853737,-0.656085417,-0.165048936,-0.057043777,0.110315596,-0.201438209,0.830722623,0.964723652,-0.682918035,-0.239318166,-0.01353901,18526.43,0
92,0.916060199,-0.372281656,0.769567683,-0.050464292,0.15993811,0.276527272,0.487450572,-0.171934305,0.583937375,0.533619837,-0.674106769,1.565478944,0.707506901,0.664374231,-0.264313564,0.049386144,0.559598261,-0.295611,-0.658945629,-0.278177686,-0.127373856,0.012243552,-0.071746301,0.94278015,0.991713462,-0.809020467,-0.189351443,-0.041447494,7665.91,0
93,-0.172171068,-0.129961507,2.134849935,-0.709075596,0.142191646,0.393779108,0.512974178,-0.085914007,0.552421268,0.533427264,-0.864356045,0.288731042,-0.975001186,0.756297571,1.935712797,0.5736468,0.393232805,0.141844853,-0.642234934,0.019894784,-0.142745397,-0.197556352,-0.161436501,0.143200883,0.045434419,0.670213989,0.243301375,0.374425033,19333.92,0
94,1.002199594,-0.478762228,0.060914902,-0.497576827,1.375323177,2.276760572,0.304461192,0.046949124,0.599758112,0.585425707,-0.979668832,0.781121757,-0.146302075,0.814633252,-0.20490522,0.407929015,0.288777617,0.270907225,0.084198932,-0.147886312,-0.1710474,-0.482563616,-0.173911374,2.247867438,1.416310958,-0.7878459,-0.214479731,-0.05891998,17403.32,0
95,-0.055979687,-0.310783015,1.980155773,-0.770675774,0.312768631,0.270440018,0.811923269,-0.19108561,0.51001276,0.311018883,-0.73226848,1.116519688,0.457327394,0.454943834,-0.681656503,0.193441725,0.441933506,-0.341725971,-0.932183031,-0.097566552,-0.166390566,-0.258733376,0.067766612,0.893574125,-0.64438522,0.183729079,-0.343242882,-0.324027709,1290.82,0
96,0.800686419,-0.322303701,1.003228093,0.224277934,0.40000894,1.203140203,0.342784291,-0.032176615,0.114132035,0.817328659,-0.216455504,0.888364855,-0.152228623,0.955882821,2.098787379,0.19453517,0.689004179,-0.791676089,-2.70193247,-0.472999614,-0.166166614,-0.403328359,0.345434294,-1.16673364,-0.402562352,-0.511822605,-0.158490871,-0.049829449,16429.13,0
97,-0.05436445,-0.390805573,1.565231496,-0.11164597,0.709466346,0.275139916,0.608528004,-0.182188377,0.379676242,0.554674778,-0.980966962,0.831169415,0.220618033,0.596732753,-0.017749111,-0.08461359,0.581792897,-0.10144097,0.154151061,0.065695914,-0.087837424,0.273837096,-0.038840951,0.236587491,-0.50776968,-0.837374018,-0.224968331,-0.219843364,14320.51,0
98,-0.294873183,-0.177474644,2.596990064,0.45542739,0.039650134,0.621386997,0.428863532,-0.129218223,0.330483046,1.226840955,-0.986024584,0.55060345,0.288612956,0.396361959,0.548134826,0.319426252,0.52630041,0.322421501,0.520812734,-0.192072328,-0.159844436,0.291760334,0.320325629,1.555029554,-0.435256687,0.281251778,-0.578817499,-0.927020967,23504.71,0
99,1.019271809,-0.381152288,0.740490931,-0.355193459,0.071304472,-0.124356005,0.45602367,-0.196476293,0.541127746,0.570630962,-0.772506125,0.794731502,0.18398614,0.868759762,1.248723029,0.677114752,0.315882447,0.018453219,-0.318505555,-0.243048989,-0.205551196,-0.716747481,0.104868654,0.78327868,0.253833828,0.226514771,-0.275370993,-0.049362692,13414.6,0
100,0.956447951,-0.431989128,0.781047356,-0.400616032,0.081812289,0.269328928,0.360035773,-0.116315708,0.501603336,0.644301954,0.139873486,0.872856835,-1.3994872,1.235138984,0.844035506,0.610822987,0.368807046,0.097508126,-0.436222515,-0.392663441,-0.177250343,-0.583301522,0.17860485,0.379961324,-0.031123609,0.23848486,-0.268247022,-0.089962975,21927.91,0
101,-0.092274642,-0.286460902,1.848363061,-0.627091787,0.262976322,-0.240023013,0.689727743,-0.17374544,0.414473743,0.2901566,-0.880177417,0.998376653,0.065862925,0.600476049,-0.963314829,0.286989847,0.433414398,-0.123326027,-0.638727818,-0.197699901,-0.126282422,-0.184595033,-0.005433541,2.079748324,-0.354713614,0.142129528,-0.169695933,0.223973221,14827.26,0
102,0.358841538,0.194146171,-0.030205101,-0.02210617,0.67913675,-0.883826734,1.029794209,-0.321296613,0.703608955,0.654106859,0.140134323,0.556783857,0.741928703,-0.507464159,1.224000849,0.743387869,1.759124113,1.246822399,-0.844690103,0.509595064,-0.221825905,-0.043277825,0.070121177,1.255726821,-0.71419714,-1.186256206,0.063293209,-0.687480934,21164.33,0
103,-0.039106299,-0.34289774,1.461699381,-0.148498785,0.261805382,0.958898016,0.925576973,-0.142916069,0.244270967,0.564730871,-0.256012239,0.547804319,-1.435156845,0.869200595,-0.299323431,0.025759064,0.524943195,0.399828352,0.734827588,0.213187501,-0.084585617,0.11067485,0.04126613,-0.566960921,0.131615207,-0.50542538,-0.330022311,-0.38277013,16839.36,0
104,-0.360111261,0.250719497,0.471866069,-0.80865933,0.959964184,0.357104007,0.794118118,-0.830338709,0.743879977,0.989055546,-0.782481588,0.646762079,1.737845377,-0.178968417,0.822402736,0.657695855,0.577815709,0.650156549,-0.116965396,-0.088913508,0.62801439,-0.811158527,-0.270534153,-1.264055153,0.057078401,0.462352956,-1.123128972,-2.402109255,6393.19,0
105,-0.459579854,-0.120133903,0.208095723,-1.340607075,1.791293288,2.142245333,0.503184954,-0.266906508,1.081301668,1.477836714,-0.430139739,0.377513024,-0.01249767,0.24522707,1.585979437,0.83490331,0.229383868,0.430006954,0.050673682,-0.277843548,-0.059154699,-1.053559487,0.50777015,2.03624281,0.267405495,0.091070923,-0.39530316,-0.739889417,11306.32,0
106,0.025263218,-0.465335882,2.163709014,-0.614590212,0.047408872,0.731943416,0.329045281,-0.05155011,1.387797456,0.23674164,-1.698867117,0.755839109,-0.801329445,0.306806769,-1.564510861,0.205000668,0.556833157,-0.036052901,-0.848949248,-0.369909735,-0.043714394,0.701092021,-0.116979113,0.331078262,-0.458748145,1.07582863,-0.157772656,-0.000942238,21148.3,0
107,1.103247667,-0.652641345,0.699544321,-1.110761506,-0.003569994,0.443684736,0.20632564,-0.123169868,-0.01350767,0.958886677,0.05557088,0.610877302,-0.055539458,0.753921454,0.4040582,1.496361774,0.492249072,-0.386889625,0.341352768,-0.109414861,-0.118911744,-0.273258882,0.087729652,-0.557739033,0.181953023,-1.096225018,-0.214824474,-0.085049314,12787.03,0
108,0.960810103,-0.056028061,-0.039864375,-0.050925945,0.783444194,-0.143242663,0.677862395,-0.183142947,0.062725132,0.10933442,0.554784383,1.111449123,0.471288882,-0.308832534,0.60422714,1.173969888,1.740491213,1.436942444,-1.037619042,-0.180217808,-0.153314419,-0.248372167,-0.222799554,-0.490577975,1.228080412,-0.671685756,-0.172304635,0.104566615,23895.96,0
109,1.024336292,-0.347236879,0.517795618,-0.153023612,0.409223399,0.658361749,0.474887495,-0.158230055,0.602211873,0.534889099,-1.43225615,1.35253437,1.269934716,0.592065388,-0.21900676,0.1862548,0.405827842,-0.147721558,-0.263069576,-0.269605369,-0.163142509,-0.145034547,-0.197127045,-1.194998632,1.300037199,-0.62085623,-0.182762429,-0.078992288,20059.7,0
110,0.775218231,-0.570858125,1.380519271,0.087883687,-0.096844375,0.645328764,0.287347984,-0.094935356,1.389051253,0.42813145,-1.088144896,1.491381461,-0.592932638,0.413348328,-1.676342828,-0.110639476,0.830391496,-0.418938801,-0.251750145,-0.290882878,-0.245287587,-0.638097269,0.078730373,1.277625896,0.448704308,-1.366606456,-0.146450247,0.005811237,2685.12,0
111,0.949317378,-0.415598882,0.534784718,-0.171299537,0.340608617,0.773318258,0.416081136,-0.109860414,0.563420514,0.618357612,-0.329614062,1.351307549,-0.253469078,0.8590512,-0.781237793,0.291972346,0.370392605,0.175492987,-0.062068242,-0.316082082,-0.139951455,-0.130178896,-0.190733352,-1.097491368,1.117855054,-0.6820517,-0.201633758,-0.099218218,7927.69,0
112,0.861594944,-0.401676635,0.567365291,-0.177253634,0.439827691,0.988439574,0.420547726,-0.071366441,0.567908017,0.500001845,-0.295231433,1.156147712,-0.470552712,0.975773295,1.335753745,-0.270557245,0.948420936,-0.770315362,-1.848720605,-0.512134128,-0.062298266,0.536420546,-0.000372794,-1.05419149,0.714759617,-0.38050032,-0.143549818,-0.097235171,8950.46,0
113,0.861594944,-0.401676635,0.567365291,-0.177253634,0.439827691,0.988439574,0.420547726,-0.071366441,0.567908017,0.500001845,-0.295231433,1.156147712,-0.470552712,0.975773295,1.335753745,-0.270557245,0.948420936,-0.770315362,-1.848720605,-0.512134128,-0.062298266,0.536420546,-0.000372794,-1.05419149,0.714759617,-0.38050032,-0.143549818,-0.097235171,7014.17,0
114,0.861594944,-0.401676635,0.567365291,-0.177253634,0.439827691,0.988439574,0.420547726,-0.071366441,0.567908017,0.500001845,-0.295231433,1.156147712,-0.470552712,0.975773295,1.335753745,-0.270557245,0.948420936,-0.770315362,-1.848720605,-0.512134128,-0.062298266,0.536420546,-0.000372794,-1.05419149,0.714759617,-0.38050032,-0.143549818,-0.097235171,6281.15,0
115,0.861594944,-0.401676635,0.567365291,-0.177253634,0.439827691,0.988439574,0.420547726,-0.071366441,0.567908017,0.500001845,-0.295231433,1.156147712,-0.470552712,0.975773295,1.335753745,-0.270557245,0.948420936,-0.770315362,-1.848720605,-0.512134128,-0.062298266,0.536420546,-0.000372794,-1.05419149,0.714759617,-0.38050032,-0.143549818,-0.097235171,2755.9,0
116,-0.280925202,-0.355563453,3.717800622,0.547198182,-0.126230344,1.401914784,0.259504368,-0.049829687,0.716843562,0.779750798,-1.329564959,1.009707677,0.582277896,0.128428079,-0.924144276,-0.015768529,0.864582388,0.100478668,0.506053427,-0.341822058,-0.051707215,1.068566444,-0.030850455,1.058972092,0.129536976,1.116476879,-0.337479072,0.173354529,6340.07,0
117,-0.169139976,-0.274293416,1.741933724,-0.533936355,-0.120737342,0.396361412,0.324778644,0.005069186,0.538502841,0.398747149,-0.243522242,0.790059989,-1.207115825,0.906658336,-0.298408863,0.840693041,0.350432497,0.990065629,-0.103881187,-0.452551089,0.021426131,0.779591962,0.128457116,1.174629464,-1.003675582,0.719118343,-0.315294379,0.044209961,10910.36,0
118,-0.161200073,-0.368374848,1.675506584,-0.838725385,0.494592468,0.787982854,0.767504031,-0.107239556,0.437297586,0.427059821,0.023332866,1.341047258,-0.411132564,0.628417831,-1.025297336,0.15335502,0.442425127,-0.217079064,-0.910050875,0.084080923,-0.131499006,-0.028847343,0.05013311,-0.459997081,-0.225461826,0.323195568,-0.090429088,-0.25263801,22622.46,0
119,-0.208881385,0.0119898,0.552887528,-0.244590247,0.306129587,1.015189778,0.377643283,0.151661869,0.172551705,0.386731694,-0.525368539,1.171601202,-0.353777919,1.383960196,1.302388617,-0.314297063,1.220467106,-0.658175791,-1.144863297,-0.496930798,0.020992591,0.983130787,0.136232093,-1.05686479,-1.182101798,-0.521162949,-0.066921378,0.181055633,19840.39,0
120,-0.214426936,-0.520848984,1.160237275,-1.430520652,0.8497806,0.278302734,0.926173677,-0.246743169,0.669208961,0.510794885,-1.304454229,0.358549643,0.139525742,0.50561421,0.855808327,0.653606883,0.186957531,-0.095405674,-0.615860859,-0.125224138,-0.251636951,-0.416881497,0.521181145,-1.516790427,-0.308930594,1.464374863,-0.323465918,-1.032093683,4137.67,0
121,0.024850053,-0.20524056,1.718032929,-0.706419093,0.276454723,0.352052784,0.68162704,-0.135777967,0.327352357,0.626290281,0.107951261,0.536226031,-1.671377914,1.000359539,0.644992705,0.486768166,0.346067662,0.188309192,-0.317205832,-0.109070248,-0.185042916,-0.428393428,-0.010449411,0.353261072,-0.720406519,0.122475646,-0.118322331,-0.382385389,19347.96,0
122,-0.043993902,-0.439569374,1.123383224,-1.588967518,0.062560161,-0.026641075,0.627677243,-0.389061698,-0.172399451,0.873682475,-0.149566994,0.26437643,-1.840831295,1.020427606,-0.520106104,-0.062454071,0.340942668,1.605857195,-1.109314948,-0.963658842,0.061238319,-0.710018528,-0.123280323,1.071331486,-1.110591857,1.526259361,-0.261188717,-0.385994495,17562.6,0
123,0.076808925,0.020597958,1.497227442,0.276368864,0.505278153,0.712937247,0.661242145,-0.139590309,-0.24440286,1.010365458,-1.595167164,0.380454069,1.036674576,0.74542056,1.557267131,0.652956055,0.312611941,0.417111543,0.774128504,0.187579082,-0.20600138,-0.583972441,-0.150672401,-1.07065123,-0.49259729,0.059452941,0.231773924,0.368775095,17206.57,0
124,-0.358665896,-0.370484234,0.795604839,-1.434582102,0.612115389,0.268963451,0.777973903,-0.159582395,0.696353109,0.549289202,-1.400739847,0.445745933,0.210590046,0.614874181,0.848717309,0.748126278,0.225740937,-0.098855949,-0.64604759,-0.271295424,-0.268676115,-0.468305123,0.245142473,-1.487670138,-0.294354055,1.471982213,-0.269734476,-1.097701987,18858.72,0
125,-0.033167293,-0.366123225,2.302486746,-1.994598464,0.161758362,-0.025269018,0.806982461,-0.298528935,1.261026903,0.393599257,0.179709874,0.693634924,-1.249155021,0.605853786,1.429142548,0.192841412,0.264759958,0.830895167,0.667358745,-0.027021475,-0.100706156,0.3657317,-0.458836796,1.188887405,0.188509578,-0.112755803,-0.959754824,-1.588723498,22984.34,0
126,-0.491009432,-0.25094324,0.493709043,-1.430515389,0.376938601,0.276274431,0.672059183,-0.0669251,0.714181784,0.578958335,-1.502798942,0.53775995,0.285532731,0.741205616,0.83880377,0.849044366,0.265573185,-0.094399131,-0.679611145,-0.339316907,-0.276883068,-0.510708716,0.143030883,-1.473659246,-0.224396215,1.479853062,-0.250755999,-1.14896355,22021.62,0
127,-0.05496957,-0.309793395,1.30858512,-0.788274014,0.487521802,0.271066325,0.682013945,-0.144299427,0.542846768,0.294452191,-2.097743279,0.387592506,-0.56512966,0.642820267,-0.778614668,0.541805324,0.298562565,0.168005928,-0.179176699,-0.19867096,-0.166240052,-0.467632329,-0.150789369,-0.753777855,-0.103612224,0.334156985,-0.180427255,0.18559796,432.72,0
128,-0.610753925,-0.14976517,0.30254424,-1.421329794,0.286041116,0.170879172,0.46965885,0.04277151,0.741785054,0.625940395,-1.617952131,0.656600874,0.352774987,0.896604866,0.817414861,0.931334058,0.31080625,-0.088193201,-0.714751135,-0.319531148,-0.270996695,-0.563317578,0.045424959,-1.468704115,-0.161035759,1.478825777,-0.298853404,-1.130311251,14760.58,0
129,0.919287395,-0.372638884,0.671295302,-0.163015992,0.132640892,-0.06629535,0.545658705,-0.209315803,0.429484137,0.574140925,-0.746819799,1.086363932,0.773897789,0.854550169,1.072169178,0.551377287,0.294201626,0.08214166,-0.490871991,-0.130632982,-0.156792157,-0.481850059,-0.034696919,0.806178197,0.675704947,-1.434771461,-0.225262925,-0.00512076,3570.79,0
130,-0.709853061,-0.0271244,0.115589149,-1.427485212,0.043626283,0.24978806,0.450545919,0.138621312,0.745041163,0.642166414,-1.725163687,0.758382009,0.428995945,1.05527663,0.802997041,1.049990576,0.352109037,-0.077502308,-0.745289615,-0.3824842,-0.280544401,-0.578903744,0.15699996,-1.470123269,-0.010497631,1.497879986,-0.274901699,-1.208013554,7224.45,0
131,-0.105324292,-0.030734593,-0.107668358,-0.506084315,0.002370217,-0.017038103,-0.045318104,-0.066293098,-0.404339383,-0.318026092,0.16109644182976735,-0.444783261,1.1759192803027363,-0.810527939,-0.206908375,-0.690792525,-0.33013929,0.2568862943482811,-0.707281393,-0.151060814,-0.081948847,-0.52448599,-0.085054888,0.6866937723951316,-0.466057404,0.8227960558288342,0.11149537237917281,0.4388998206412933,10878.77,1
132,0.38550461959438564,-0.043359086,-0.101942259,0.36226948506853135,-0.126504069,0.19222397812546987,-0.212084203,0.010828734,-0.183694904,-0.261586441,0.5217000329118804,-0.46074309,-0.276368144,-0.572631688,-0.29560579,-0.400506731,-0.649377836,-0.202163408,0.16722179539814663,0.17490467580838975,0.090677616,0.068395768,-0.285370762,-0.74626535,1.269842105010977,-0.082142757,0.5078651571932876,0.598913036,1003.27,1
133,-0.217038367,-0.90893201,0.4775572878622269,-0.090464938,-0.197856777,0.6670941336238558,0.7105526086450424,-0.116488924,0.15544606154675475,0.2161891933008413,0.22844017732605035,-0.109212398,-1.902696126,0.2992975969885467,1.4979131478914358,0.11169627697445236,0.040444796210157244,0.5356819039762484,0.21750768226147987,1.137273457234732,0.167407447,0.5821281455325829,0.9996399529319927,-0.092741185,-0.381120902,1.5308442274272467,-0.407072348,-0.256206968,6219.5,1
134,-0.388680446,0.00312807,0.46978265583092926,-0.285479327,0.6823989646182591,0.091774996,0.1595601832243382,-0.763108519,0.48270681937390486,0.5405215328728111,-0.539146219,0.1386888018577804,-1.919047882,0.31550815433279783,2.1291527260940306,0.4161110653621223,1.3361076866909158,0.5406750594248857,0.080846974,-1.222695307,0.8924901214588514,-1.025104048,-0.162935728,-0.110317834,-0.560146979,1.1005722687772252,0.5264571438370048,0.2563768261641917,5502.29,1
135,-0.372562241,-0.025941512,-0.580366305,0.041306267,-0.438681001,0.33673874388014124,1.0782302724198511,-0.125784444,0.3775973049698248,-0.182289205,0.27382602604690776,-0.545506782,0.6359974356556711,-0.075393981,0.012507267698344114,-0.243580378,-0.010354794,0.21248191558261362,0.38969036822613196,-0.64678862,-0.055959084,0.4767617640626122,0.3782004198273924,0.3256682781879499,-1.288792594,-1.659807376,0.21611039351123112,-0.375239879,4827.16,1
136,-1.478088448,0.3451724605750716,-1.221547228,1.6955804954427156,-0.80847502,-0.884117072,-1.991144266,-0.086184013,-1.210785431,-1.380501179,1.8188200285949832,-1.47673906,0.7417614788210731,-1.175536752,1.1990526291696226,-1.584899343,-1.704686466,-1.903778615,1.026956664416713,-2.342178136,-0.420888129,-0.672483526,-11.0521344,0.793761607,-5.196540796,0.2754250219023715,3.9807629295798064,-2.2179943,7946.12,1
137,-0.530322887,0.05714386,-0.119110911,0.2860728634180899,-0.222547264,0.043733932,0.1890598082466651,-0.20835877,0.23703298524400299,-0.117795077,0.2850525018547665,-0.427196542,0.6269531944375215,-0.759019684,0.9279082919105954,-0.536819276,-0.36816799,-0.358922423,0.33715026309744955,-0.589825572,0.03051027,0.23034494182941145,0.1556874254875833,0.42210071034962987,0.10285807310305552,-1.437915575,-1.27514872,0.8177497990233425,13925.37,1
138,-0.237148746,0.21161165952205918,-0.081162871,0.022851801361711544,-0.124101117,-0.446852063,-0.090926743,0.064965587,-0.442858014,-0.443128554,0.4657950481295783,-0.515042724,-0.457764878,-0.489189734,0.766878175,-0.60493935,-0.50784904,-0.577992409,0.087510951,0.052254372,0.12160932049474392,0.12271049199518864,-0.053334112,0.5475203809697502,-0.329004657,0.2609109050757905,0.3112882020111429,0.4898697387302837,2035.42,1
139,-0.863292624,0.5792362772877178,-0.683156721,0.6442862790344801,-0.618861825,-0.092434837,-0.759152126,0.032347114,-0.64278628,-0.820916659,0.7558582480189036,-0.982383212,-0.978482136,-0.932767007,0.8706316738290102,-1.321610001,-1.014165378,-1.369433597,0.6934039100108861,-0.510731602,0.8824686726518978,-0.067186883,0.2674624345519875,-0.184262533,-0.60553651,-0.578379288,-0.388418108,-0.212230992,9298.36,1
140,-0.841590998,0.493823152,-0.905882165,0.6379173791107721,-0.416368911,-0.706735873,-0.546399807,-0.021020474,0.063293761,-0.645036504,1.0744665937348106,-1.178095781,1.5645472733323007,-1.034404576,-0.022491089,-1.057668996,-0.948836188,-0.82964071,0.4861710624907115,-0.823182794,0.46440440221763896,0.4676338796679083,0.36077715904498225,1.0426907500414113,-0.438066583,-0.365202886,-1.476973384,1.6025411799640463,22760.99,1
141,-1.266141884,1.0122473339677884,-1.435256412,1.6808180231496002,-1.492619547,-1.905805782,-1.658596938,1.2434662816864037,-1.507122333,-1.934532336,1.7635654324834742,-1.790757483,0.48475941353015983,-1.789988147,0.40116991087055276,-2.00757388,-2.016008258,-1.916076067,2.458004077845649,0.10759351882379635,0.792522307,0.4385163050577263,-0.812265412,0.9905733342450986,-0.578563159,0.3541084857449174,0.2859592673528761,0.023227326209611876,4814.13,1
142,-0.804551324,0.14575937765451238,-0.64565185,0.069049695,0.020950282,-0.627538967,-0.457162595,0.005706491,-0.46283574,-0.636304055,0.7159353302651625,-0.584794824,0.8939444920651397,-0.852327795,-1.392967737,-0.825507252,-0.868691785,-0.676756204,0.7198811043946336,-0.150575248,0.069130111,0.6255273915189303,-0.613086236,-0.501128878,-0.255355182,0.5444433948181835,-0.348705288,-0.057319574,9638.49,1
143,0.10610030049136349,0.077946803,-0.666033873,0.067415783,-0.157967761,-1.09752362,-0.203627915,-0.079754103,-0.023511959,-0.611698537,0.4759693365951974,-0.78281563,-0.957735637,-0.892086977,1.1444612945649106,-0.664199869,-0.615688411,-0.583340202,0.1833893695035055,0.051594830681026396,0.096932997,-0.671832144,0.1074482639119673,-0.181019957,-0.03432253,-0.141876001,0.016418616865015733,1.0647971642231697,8517.93,1
144,-0.61527121,0.18643425895491697,-0.030647436,0.2140079393550166,-0.253674927,0.3493309916027003,0.33422816743955425,-0.129739714,0.016706181582973472,0.045261719202202795,0.2759353435837116,-0.889601628,-0.288488416,0.12406941039506822,-0.891928175,-0.342799838,-0.569817885,-0.827639767,-1.116825928,-0.998766574,-0.073235255,-0.867431182,0.3119273230447447,-0.056118189,-0.428919912,0.1742520664674103,-0.671991743,-0.427410677,3114.55,1
145,0.9411617611494868,-0.281207404,0.5029892844156952,-0.052893774,0.31218899274716533,0.33727169790890943,0.46318217692419206,-0.137530278,0.20086262146606668,0.5612882262469254,0.21326951087542811,1.3729457873413466,0.028990438322925006,0.4249895296158363,-0.235171388,0.6457384110153989,0.6602768276975547,0.2354480664689948,-0.720772799,-0.294920435,-0.144140869,-0.223873183,-0.026104369,0.17261317389132594,0.6014700925060393,0.40697845571655356,-0.240574555,-0.044876299,13057.49,1
146,0.40712693715523823,0.6519565084624342,-0.753339928,1.190805723291325,1.0945324306263273,-1.339552791,0.24916353067844546,-0.179581284,-0.671908084,-0.716514873,1.0529325569187729,-1.143720177,1.4674883308246556,-1.247459772,-0.798684403,0.12735230015410245,0.7894117126999283,1.1149631012940104,-2.097042255,0.27920273707018284,-0.043184052,-0.571377507,-0.6185737,-0.685602941,2.622461823776928,1.108552524372165,0.42691224880881684,0.8887975151319717,9388.91,1
147,-1.190070027,0.3063078228070467,-1.004509914,0.9796402715644562,-0.591957589,-0.763646084,-1.161114791,0.080359898,-1.158325725,-1.251334222,1.338746653929657,-1.236790445,-1.36425367,-1.276408147,0.026875392,-1.390947408,-1.417259391,-1.297716955,1.5070294622086216,-0.011303023,-0.090867134,0.3047061294100459,-0.470441774,-0.814277744,-0.410677424,0.084106493,1.4611123700299264,0.5592834596298983,13200.06,1
148,-0.466651587,0.3983038402130202,-0.714114148,0.5130522260141389,-0.206536973,-0.360422298,0.4007572921687581,-0.070830555,-0.340725599,-0.733003972,0.5972911705302589,-0.805022451,-0.771343929,-1.234593116,0.9704975868109467,-0.423186987,0.019047432137062142,0.27049012386972904,0.1583620548034954,-0.401164026,-0.07432506,-0.210233487,0.14676019341670093,-0.796232226,0.47192335615814807,-0.759137333,0.2743801515832486,-0.719029757,7280.98,1
149,-0.120366473,0.16681931179331289,-0.270633432,-0.353997986,0.46871316259227724,-0.321819066,0.17588095026971215,-0.017533861,-0.377282773,-0.412832043,0.4526147170012537,-0.324135328,-0.265993302,-0.53810546,-0.910467922,-0.197480187,-0.305425911,0.10778936241143389,-0.103585802,0.018034226,0.066852516,0.063863738,-0.359510055,-0.119499574,0.5047862102293331,0.4313248085073494,0.17037541286093263,0.3567592589581884,16790.09,1
150,-0.471230516,-1.803470331,-0.449578735,0.4697564294060961,-0.521421743,0.31425604351828224,0.19115207828046177,-0.084771297,0.044867496,-0.559008414,0.60258272,-0.34867834,0.1786328643452094,-0.712227927,-0.977068644,-0.481251875,-0.463085992,-0.162126309,0.23805386168085904,2.8160912746867965,0.36628559957710966,-0.624392073,-1.415687952,-0.091027369,0.32685047909741044,1.0568094962779242,0.12293104575637812,1.1794640711660802,10581.42,1
151,-0.581416867,1.423379071567689,-1.540101338,2.0657696887947705,-0.609386793,-1.535715563,-1.290518797,0.7621542444061651,-1.727404358,-1.745681834,2.445562387045211,-1.924600026,0.16373225975072184,-2.044391452,-0.382503907,-1.831456743,-1.605074433,-1.512014408,0.7978126464449783,1.272423974534204,0.6053617296308725,0.25869344849957715,0.3067458695602172,-1.911974073,-1.119902399,1.3210760910051442,2.5993721396376928,1.7771840242465273,18648.28,1
152,-0.443916897,0.24354853190948278,0.12681114507809366,0.4002663663943807,-0.326370871,0.5176704964149308,0.086288853,-0.455817939,0.5624899878169236,-0.005988243,0.48203292575016227,-0.634067949,0.8874765867893614,-0.731799613,-0.327692073,-0.790134496,-0.482288354,-0.710553146,0.13358660604231049,-0.151658606,0.41324906933047834,0.10805714230523489,0.053214194,1.0629316973517824,-0.56212665,-0.716076064,-0.854771933,-0.470451695,10821.44,1
153,-1.604804218,0.9725343488766413,-1.749893697,1.9206811400223516,-1.856257233,-0.219135856,-1.924277902,0.089722718,-1.563884215,-1.956944705,1.9277060800851704,-1.732398675,1.029392273077895,-1.397191116,0.44280530551085867,-1.773990196,-1.847700276,-1.835170444,1.750749076465255,-0.457632596,-0.425927159,1.413597129183175,0.702164062,-0.468053558,-1.723379938,0.5717436530767935,0.37872834286535284,-3.747797921,21149.12,1
154,-0.739210957,0.23188199707843865,-0.410203937,0.5112779908938119,0.056859272680975875,-0.410719518,-0.383799241,-0.313641839,0.098006044,-0.523529068,0.7619590670410455,-1.108327397,-1.679165999,-1.312808839,-1.047598351,-1.225986595,-1.110015803,-1.317076156,-0.217412505,-0.241586011,0.28304792802307766,-0.603131877,-0.479223614,-0.453025595,-0.005507012,-1.644165157,-0.913952745,1.292781954816361,18363.07,1
155,-0.838046854,0.36235027287352006,-0.061538069,0.25281056804489455,-0.006436397,-0.222956953,0.015601902742935726,-0.760310269,1.7839284753438809,1.0092639118094378,0.669781743,-0.945868738,1.1102640256086318,-0.357162194,1.0912938407412829,-0.950538663,-0.575158171,-0.717611101,1.1568371953103649,-0.614204963,0.5616583062388363,-0.270249044,-0.491719656,1.2697014328003147,-0.647562952,-1.681372004,-3.041399375,-1.420988049,14631.81,1
156,-0.873852941,0.7806672154683502,-0.418023039,0.39932403277594997,0.5227443166166339,0.9434132303572216,-0.43892939,-1.634671231,1.7766222979400386,0.49814193,0.5348978726666114,-0.772918401,0.7113052607248603,-0.57549924,-1.024677169,0.14195106983452635,0.43042304820614613,1.1436182546324425,-1.100686893,-2.010365243,2.5189593197862954,-1.899197183,0.7212736437582594,0.269306359,-0.850062394,-0.652306429,-0.153297151,1.8608944551550923,11591.09,1
157,-0.54234891,0.5850984692673724,-0.547730444,1.0054653359676957,-0.702046458,-0.287417157,-0.835173577,0.3823654085289654,-1.281524873,-0.950131351,0.7733607699026449,-1.156742334,1.5955792790613827,-1.080089213,0.5534540557660409,-1.506266165,-1.591176465,-1.538639098,1.8942225581651304,0.7864158508457474,0.46331151614043936,0.7050319243612879,-0.12407379,0.046466297,-0.196140622,0.553614119,1.2225369101622434,1.1729823324956714,10145.64,1
158,-0.833437475,0.061885646,-0.899794014,0.9042270608456533,-1.002400596,0.48145391209715216,-0.370393048,0.18969364280557852,-0.938152672,-1.161847117,1.4309713486147715,-1.330500176,-1.580730192,-1.363453801,0.2877662483988451,-1.480795881,-1.520927519,-1.376970133,1.789103394437538,-0.751011143,0.16750313150427373,0.4197309415649066,1.288248715583571,-0.900860709,0.5606613677753208,-0.006018215,3.308967622235883,0.08156428,4394.16,1
159,-0.670459424,-0.202895919,-0.068128954,-0.267327744,-0.133659812,0.23714812625446788,-0.016935342,-0.147733438,0.48389355966376507,-0.210816624,0.1735901049611582,-0.539947621,0.7383146192217962,-0.812043395,0.8704470138086734,-0.545183547,-0.575990775,-0.664312509,0.10160362523399871,-0.550259856,0.03187416,0.38816116181086024,-0.154256953,-0.846451853,-0.153443085,1.9613978279918929,-1.528641738,1.704306261878263,4653.4,1
160,-0.311997393,-0.004094795,0.13752558782196742,-0.035893035,-0.042290602,0.12109810329548153,-0.070957686,-0.019997231,-0.122048283,-0.144494651,0.47758160058886473,-0.461848888,-0.606099626,-0.395125799,-0.040672812,-0.370201119,-0.729001837,-0.25167942,-0.343195694,-0.076417067,0.14078754935045965,0.5365225375034585,-0.211100228,-0.448908518,0.540073375,-0.755835963,-0.487539751,-0.268741268,23572.85,1
161,0.6368705393189598,-0.516969517,-0.300888533,-0.144479961,0.13104240136272383,-0.294148227,0.5805683556438418,-0.207722695,0.8935265801714845,-0.080078107,-0.324934089,0.3352150700240536,0.46417742402838047,-0.390369449,0.8938811729325143,0.4774022419794913,0.8484432644402572,0.9302798304869428,-0.481057559,0.28818611895264495,-0.060380519,-0.195608924,-0.175487645,-0.55464315,-0.09966921,-1.434931122,-0.159269263,-0.076250574,10160.83,1
162,-0.795144165,0.43323608444552036,-0.649140048,0.3747320629072316,-0.244975982,-0.603492954,-0.347613488,-0.340814306,0.253970926,-0.513556418,0.8921359198536215,-1.153011304,0.48919666295981473,-1.062488316,0.2077732190275712,-0.917239539,-0.936114171,-0.823687833,-0.330407968,-0.621378001,0.534853273,-0.291513977,0.15730260204039517,0.9310299029499287,-0.349423142,-1.090974287,-1.575112598,0.7229364961564823,21493.92,1
